Workbook

Sheet Matriz Depurada
A1: MATRIZ DE RIESGOS DEPURADA — SUNAFIL
A2: Riesgo = Valor del activo × Probabilidad de la amenaza. Las celdas marcadas N/A corresponden a combinaciones activo-amenaza no aplicables y quedan excluidas del análisis.
A4: ACTIVO | B4: VALOR | C4: CRIMINALIDAD | I4: FÍSICAS | L4: NEGLIGENCIA
A5: ACTIVO | B5: VALOR | C5: Ransomware / Ciberataque | D5: Robo / Sustracción | E5: Exfiltración de datos | F5: Corrupción / Alteración | G5: Suplantación (Phishing) | H5: Acceso no autorizado | I5: Sismo / Daño físico | J5: Falla de hardware | K5: Corte red / Caída sist. | L5: Divulgación accidental | M5: Contraseñas compartidas | N5: Extravío de documentos
A6: PROBABILIDAD → | C6: 4 | D6: 4 | E6: 4 | F6: 4 | G6: 5 | H6: 4 | I6: 3 | J6: 3 | K6: 4 | L6: 3 | M6: 3 | N6: 3
A7: INFORMACIÓN Y DATOS
A8: Expedientes de inspección | B8: 4 | C8: =$B8*C$6 -> 16 | D8: =$B8*D$6 -> 16 | E8: =$B8*E$6 -> 16 | F8: =$B8*F$6 -> 16 | G8: N/A | H8: =$B8*H$6 -> 16 | I8: =$B8*I$6 -> 12 | J8: N/A | K8: N/A | L8: =$B8*L$6 -> 12 | M8: N/A | N8: =$B8*N$6 -> 12
A9: Datos personales trab./emp. | B9: 5 | C9: =$B9*C$6 -> 20 | D9: =$B9*D$6 -> 20 | E9: =$B9*E$6 -> 20 | F9: =$B9*F$6 -> 20 | G9: N/A | H9: =$B9*H$6 -> 20 | I9: =$B9*I$6 -> 15 | J9: N/A | K9: N/A | L9: =$B9*L$6 -> 15 | M9: N/A | N9: =$B9*N$6 -> 15
A10: Actas de infracción/multas | B10: 5 | C10: =$B10*C$6 -> 20 | D10: =$B10*D$6 -> 20 | E10: =$B10*E$6 -> 20 | F10: =$B10*F$6 -> 20 | G10: N/A | H10: =$B10*H$6 -> 20 | I10: =$B10*I$6 -> 15 | J10: N/A | K10: N/A | L10: =$B10*L$6 -> 15 | M10: N/A | N10: =$B10*N$6 -> 15
A11: Información financiera | B11: 4 | C11: =$B11*C$6 -> 16 | D11: =$B11*D$6 -> 16 | E11: =$B11*E$6 -> 16 | F11: =$B11*F$6 -> 16 | G11: N/A | H11: =$B11*H$6 -> 16 | I11: =$B11*I$6 -> 12 | J11: N/A | K11: N/A | L11: =$B11*L$6 -> 12 | M11: N/A | N11: =$B11*N$6 -> 12
A12: Licitaciones y contratos | B12: 4 | C12: =$B12*C$6 -> 16 | D12: =$B12*D$6 -> 16 | E12: =$B12*E$6 -> 16 | F12: =$B12*F$6 -> 16 | G12: N/A | H12: =$B12*H$6 -> 16 | I12: =$B12*I$6 -> 12 | J12: N/A | K12: N/A | L12: =$B12*L$6 -> 12 | M12: N/A | N12: =$B12*N$6 -> 12
A13: Recursos admin./exp. sanción | B13: 4 | C13: =$B13*C$6 -> 16 | D13: =$B13*D$6 -> 16 | E13: =$B13*E$6 -> 16 | F13: =$B13*F$6 -> 16 | G13: N/A | H13: =$B13*H$6 -> 16 | I13: =$B13*I$6 -> 12 | J13: N/A | K13: N/A | L13: =$B13*L$6 -> 12 | M13: N/A | N13: =$B13*N$6 -> 12
A14: Registros personal inspectivo | B14: 5 | C14: =$B14*C$6 -> 20 | D14: =$B14*D$6 -> 20 | E14: =$B14*E$6 -> 20 | F14: =$B14*F$6 -> 20 | G14: N/A | H14: =$B14*H$6 -> 20 | I14: =$B14*I$6 -> 15 | J14: N/A | K14: N/A | L14: =$B14*L$6 -> 15 | M14: N/A | N14: =$B14*N$6 -> 15
A15: Convenios interinstitucionales | B15: 3 | C15: =$B15*C$6 -> 12 | D15: =$B15*D$6 -> 12 | E15: =$B15*E$6 -> 12 | F15: =$B15*F$6 -> 12 | G15: N/A | H15: =$B15*H$6 -> 12 | I15: =$B15*I$6 -> 9 | J15: N/A | K15: N/A | L15: =$B15*L$6 -> 9 | M15: N/A | N15: =$B15*N$6 -> 9
A16: Base de datos del SIIT | B16: 5 | C16: =$B16*C$6 -> 20 | D16: =$B16*D$6 -> 20 | E16: =$B16*E$6 -> 20 | F16: =$B16*F$6 -> 20 | G16: N/A | H16: =$B16*H$6 -> 20 | I16: N/A | J16: =$B16*J$6 -> 15 | K16: =$B16*K$6 -> 20 | L16: =$B16*L$6 -> 15 | M16: =$B16*M$6 -> 15 | N16: N/A
A17: Reportes de denuncias | B17: 5 | C17: =$B17*C$6 -> 20 | D17: =$B17*D$6 -> 20 | E17: =$B17*E$6 -> 20 | F17: =$B17*F$6 -> 20 | G17: N/A | H17: =$B17*H$6 -> 20 | I17: =$B17*I$6 -> 15 | J17: N/A | K17: N/A | L17: =$B17*L$6 -> 15 | M17: N/A | N17: =$B17*N$6 -> 15
A18: Documentos normativos | B18: 3 | C18: =$B18*C$6 -> 12 | D18: =$B18*D$6 -> 12 | E18: =$B18*E$6 -> 12 | F18: =$B18*F$6 -> 12 | G18: N/A | H18: =$B18*H$6 -> 12 | I18: =$B18*I$6 -> 9 | J18: N/A | K18: N/A | L18: =$B18*L$6 -> 9 | M18: N/A | N18: =$B18*N$6 -> 9
A19: INFRAESTRUCTURA
A20: Conexión a internet/red | B20: 4 | C20: =$B20*C$6 -> 16 | D20: N/A | E20: =$B20*E$6 -> 16 | F20: N/A | G20: N/A | H20: =$B20*H$6 -> 16 | I20: =$B20*I$6 -> 12 | J20: =$B20*J$6 -> 12 | K20: =$B20*K$6 -> 16 | L20: N/A | M20: =$B20*M$6 -> 12 | N20: N/A
A21: Plataforma SIIT | B21: 5 | C21: =$B21*C$6 -> 20 | D21: N/A | E21: =$B21*E$6 -> 20 | F21: =$B21*F$6 -> 20 | G21: =$B21*G$6 -> 25 | H21: =$B21*H$6 -> 20 | I21: N/A | J21: =$B21*J$6 -> 15 | K21: =$B21*K$6 -> 20 | L21: N/A | M21: =$B21*M$6 -> 15 | N21: N/A
A22: Instalaciones físicas | B22: 4 | C22: N/A | D22: N/A | E22: N/A | F22: N/A | G22: N/A | H22: =$B22*H$6 -> 16 | I22: =$B22*I$6 -> 12 | J22: N/A | K22: N/A | L22: N/A | M22: N/A | N22: N/A
A23: Equipos de oficina y cómputo | B23: 4 | C23: =$B23*C$6 -> 16 | D23: =$B23*D$6 -> 16 | E23: N/A | F23: N/A | G23: N/A | H23: =$B23*H$6 -> 16 | I23: =$B23*I$6 -> 12 | J23: =$B23*J$6 -> 12 | K23: N/A | L23: N/A | M23: N/A | N23: N/A
A24: Sistema Trámite Documentario | B24: 3 | C24: =$B24*C$6 -> 12 | D24: N/A | E24: =$B24*E$6 -> 12 | F24: =$B24*F$6 -> 12 | G24: =$B24*G$6 -> 15 | H24: =$B24*H$6 -> 12 | I24: N/A | J24: =$B24*J$6 -> 9 | K24: =$B24*K$6 -> 12 | L24: N/A | M24: =$B24*M$6 -> 9 | N24: N/A
A25: Bienes muebles patrimoniales | B25: 3 | C25: N/A | D25: =$B25*D$6 -> 12 | E25: N/A | F25: N/A | G25: N/A | H25: N/A | I25: =$B25*I$6 -> 9 | J25: N/A | K25: N/A | L25: N/A | M25: N/A | N25: N/A
A26: Plataforma SUNAFIL en Línea | B26: 4 | C26: =$B26*C$6 -> 16 | D26: N/A | E26: =$B26*E$6 -> 16 | F26: =$B26*F$6 -> 16 | G26: =$B26*G$6 -> 20 | H26: =$B26*H$6 -> 16 | I26: N/A | J26: =$B26*J$6 -> 12 | K26: =$B26*K$6 -> 16 | L26: N/A | M26: =$B26*M$6 -> 12 | N26: N/A
A27: RECURSOS HUMANOS
A28: Soporte técnico e informática | B28: 4 | C28: N/A | D28: N/A | E28: N/A | F28: N/A | G28: =$B28*G$6 -> 20 | H28: N/A | I28: =$B28*I$6 -> 12 | J28: N/A | K28: N/A | L28: =$B28*L$6 -> 12 | M28: =$B28*M$6 -> 12 | N28: N/A
A29: Personal de seguridad | B29: 3 | C29: N/A | D29: N/A | E29: N/A | F29: N/A | G29: =$B29*G$6 -> 15 | H29: N/A | I29: =$B29*I$6 -> 9 | J29: N/A | K29: N/A | L29: =$B29*L$6 -> 9 | M29: =$B29*M$6 -> 9 | N29: N/A
A30: Dirección y alta dirección | B30: 5 | C30: N/A | D30: N/A | E30: N/A | F30: N/A | G30: =$B30*G$6 -> 25 | H30: N/A | I30: =$B30*I$6 -> 15 | J30: N/A | K30: N/A | L30: =$B30*L$6 -> 15 | M30: =$B30*M$6 -> 15 | N30: N/A
A31: Personal administrativo | B31: 3 | C31: N/A | D31: N/A | E31: N/A | F31: N/A | G31: =$B31*G$6 -> 15 | H31: N/A | I31: =$B31*I$6 -> 9 | J31: N/A | K31: N/A | L31: =$B31*L$6 -> 9 | M31: =$B31*M$6 -> 9 | N31: N/A
A32: Cuerpo de Inspectores | B32: 5 | C32: N/A | D32: N/A | E32: N/A | F32: N/A | G32: =$B32*G$6 -> 25 | H32: N/A | I32: =$B32*I$6 -> 15 | J32: N/A | K32: N/A | L32: =$B32*L$6 -> 15 | M32: =$B32*M$6 -> 15 | N32: N/A
A33: Trabajadores fiscalizados | B33: 4 | C33: N/A | D33: N/A | E33: N/A | F33: N/A | G33: =$B33*G$6 -> 20 | H33: N/A | I33: =$B33*I$6 -> 12 | J33: N/A | K33: N/A | L33: =$B33*L$6 -> 12 | M33: =$B33*M$6 -> 12 | N33: N/A
A36: LEYENDA DE NIVELES
A37: CRÍTICO | B37: 20 – 25
A38: ALTO | B38: 15 – 19
A39: MEDIO | B39: 12 – 14
A40: BAJO | B40: 9 – 11
A41: N/A | B41: No aplicable
A43: Nota: los valores de activo (columna B) y de probabilidad (fila 6) son los declarados en la matriz original de SUNAFIL. Todo el resto de celdas se calcula por fórmula.

Sheet Riesgos Críticos y Controles
A1: RIESGOS CRÍTICOS Y CONTROLES DE MITIGACIÓN — ISO/IEC 27001:2022 (Anexo A)
A2: Se listan únicamente las combinaciones activo-amenaza aplicables con nivel de riesgo CRÍTICO (≥ 20). El puntaje se vincula por fórmula a la hoja «Matriz Depurada».
A4: N° | B4: CATEGORÍA DE ACTIVO | C4: ACTIVO | D4: AMENAZA | E4: RIESGO | F4: NIVEL | G4: CONTROLES ISO/IEC 27001:2022 (ANEXO A) | H4: MEDIDA DE IMPLEMENTACIÓN EN SUNAFIL
A5: 1 | B5: INFORMACIÓN Y DATOS | C5: Datos personales trab./emp. | D5: Ransomware / Ciberataque | E5: ='Matriz Depurada'!C9 -> 20 | F5: CRÍTICO | G5: A.8.7 Protección contra el malware; A.8.8 Gestión de vulnerabilidades técnicas; A.8.13 Copias de seguridad de la información; A.8.16 Actividades de monitoreo; A.5.26 Respuesta a incidentes de seguridad de la información | H5: EDR/antimalware centralizado, parcheo mensual, backups 3-2-1 con copia inmutable y pruebas de restauración semestrales.
A6: 2 | B6: INFORMACIÓN Y DATOS | C6: Datos personales trab./emp. | D6: Robo / Sustracción | E6: ='Matriz Depurada'!D9 -> 20 | F6: CRÍTICO | G6: A.7.2 Controles físicos de entrada; A.7.4 Monitoreo de la seguridad física; A.7.9 Seguridad de los activos fuera de las instalaciones; A.7.10 Medios de almacenamiento; A.5.9 Inventario de información y otros activos asociados | H6: Control de acceso físico con fotocheck, videovigilancia en archivos y sala de servidores, cifrado de discos en laptops y custodia documental bajo llave.
A7: 3 | B7: INFORMACIÓN Y DATOS | C7: Datos personales trab./emp. | D7: Exfiltración de datos | E7: ='Matriz Depurada'!E9 -> 20 | F7: CRÍTICO | G7: A.8.12 Prevención de fuga de datos (DLP); A.8.24 Uso de criptografía; A.8.20 Seguridad de redes; A.8.16 Actividades de monitoreo; A.5.14 Transferencia de información | H7: Cifrado en tránsito y reposo, reglas DLP en correo y USB, segmentación de red y monitoreo de volúmenes anómalos de descarga del SIIT.
A8: 4 | B8: INFORMACIÓN Y DATOS | C8: Datos personales trab./emp. | D8: Corrupción / Alteración | E8: ='Matriz Depurada'!F9 -> 20 | F8: CRÍTICO | G8: A.5.33 Protección de registros; A.8.5 Autenticación segura; A.8.13 Copias de seguridad de la información; A.8.32 Gestión de cambios; A.8.15 Registro de eventos (logs) | H8: Trazabilidad de cambios en el SIIT, control de versiones, backups verificados y segregación de funciones entre quien registra y quien aprueba.
A9: 5 | B9: INFORMACIÓN Y DATOS | C9: Datos personales trab./emp. | D9: Acceso no autorizado | E9: ='Matriz Depurada'!H9 -> 20 | F9: CRÍTICO | G9: A.5.15 Control de acceso; A.5.18 Derechos de acceso; A.8.2 Derechos de acceso privilegiado; A.8.3 Restricción del acceso a la información; A.7.2 Controles físicos de entrada | H9: Perfiles por rol bajo mínimo privilegio, revisión semestral de permisos, baja inmediata al cese y control biométrico en áreas críticas.
A10: 6 | B10: INFORMACIÓN Y DATOS | C10: Actas de infracción/multas | D10: Ransomware / Ciberataque | E10: ='Matriz Depurada'!C10 -> 20 | F10: CRÍTICO | G10: A.8.7 Protección contra el malware; A.8.8 Gestión de vulnerabilidades técnicas; A.8.13 Copias de seguridad de la información; A.8.16 Actividades de monitoreo; A.5.26 Respuesta a incidentes de seguridad de la información | H10: EDR/antimalware centralizado, parcheo mensual, backups 3-2-1 con copia inmutable y pruebas de restauración semestrales.
A11: 7 | B11: INFORMACIÓN Y DATOS | C11: Actas de infracción/multas | D11: Robo / Sustracción | E11: ='Matriz Depurada'!D10 -> 20 | F11: CRÍTICO | G11: A.7.2 Controles físicos de entrada; A.7.4 Monitoreo de la seguridad física; A.7.9 Seguridad de los activos fuera de las instalaciones; A.7.10 Medios de almacenamiento; A.5.9 Inventario de información y otros activos asociados | H11: Control de acceso físico con fotocheck, videovigilancia en archivos y sala de servidores, cifrado de discos en laptops y custodia documental bajo llave.
A12: 8 | B12: INFORMACIÓN Y DATOS | C12: Actas de infracción/multas | D12: Exfiltración de datos | E12: ='Matriz Depurada'!E10 -> 20 | F12: CRÍTICO | G12: A.8.12 Prevención de fuga de datos (DLP); A.8.24 Uso de criptografía; A.8.20 Seguridad de redes; A.8.16 Actividades de monitoreo; A.5.14 Transferencia de información | H12: Cifrado en tránsito y reposo, reglas DLP en correo y USB, segmentación de red y monitoreo de volúmenes anómalos de descarga del SIIT.
A13: 9 | B13: INFORMACIÓN Y DATOS | C13: Actas de infracción/multas | D13: Corrupción / Alteración | E13: ='Matriz Depurada'!F10 -> 20 | F13: CRÍTICO | G13: A.5.33 Protección de registros; A.8.5 Autenticación segura; A.8.13 Copias de seguridad de la información; A.8.32 Gestión de cambios; A.8.15 Registro de eventos (logs) | H13: Trazabilidad de cambios en el SIIT, control de versiones, backups verificados y segregación de funciones entre quien registra y quien aprueba.
A14: 10 | B14: INFORMACIÓN Y DATOS | C14: Actas de infracción/multas | D14: Acceso no autorizado | E14: ='Matriz Depurada'!H10 -> 20 | F14: CRÍTICO | G14: A.5.15 Control de acceso; A.5.18 Derechos de acceso; A.8.2 Derechos de acceso privilegiado; A.8.3 Restricción del acceso a la información; A.7.2 Controles físicos de entrada | H14: Perfiles por rol bajo mínimo privilegio, revisión semestral de permisos, baja inmediata al cese y control biométrico en áreas críticas.
A15: 11 | B15: INFORMACIÓN Y DATOS | C15: Registros personal inspectivo | D15: Ransomware / Ciberataque | E15: ='Matriz Depurada'!C14 -> 20 | F15: CRÍTICO | G15: A.8.7 Protección contra el malware; A.8.8 Gestión de vulnerabilidades técnicas; A.8.13 Copias de seguridad de la información; A.8.16 Actividades de monitoreo; A.5.26 Respuesta a incidentes de seguridad de la información | H15: EDR/antimalware centralizado, parcheo mensual, backups 3-2-1 con copia inmutable y pruebas de restauración semestrales.
A16: 12 | B16: INFORMACIÓN Y DATOS | C16: Registros personal inspectivo | D16: Robo / Sustracción | E16: ='Matriz Depurada'!D14 -> 20 | F16: CRÍTICO | G16: A.7.2 Controles físicos de entrada; A.7.4 Monitoreo de la seguridad física; A.7.9 Seguridad de los activos fuera de las instalaciones; A.7.10 Medios de almacenamiento; A.5.9 Inventario de información y otros activos asociados | H16: Control de acceso físico con fotocheck, videovigilancia en archivos y sala de servidores, cifrado de discos en laptops y custodia documental bajo llave.
A17: 13 | B17: INFORMACIÓN Y DATOS | C17: Registros personal inspectivo | D17: Exfiltración de datos | E17: ='Matriz Depurada'!E14 -> 20 | F17: CRÍTICO | G17: A.8.12 Prevención de fuga de datos (DLP); A.8.24 Uso de criptografía; A.8.20 Seguridad de redes; A.8.16 Actividades de monitoreo; A.5.14 Transferencia de información | H17: Cifrado en tránsito y reposo, reglas DLP en correo y USB, segmentación de red y monitoreo de volúmenes anómalos de descarga del SIIT.
A18: 14 | B18: INFORMACIÓN Y DATOS | C18: Registros personal inspectivo | D18: Corrupción / Alteración | E18: ='Matriz Depurada'!F14 -> 20 | F18: CRÍTICO | G18: A.5.33 Protección de registros; A.8.5 Autenticación segura; A.8.13 Copias de seguridad de la información; A.8.32 Gestión de cambios; A.8.15 Registro de eventos (logs) | H18: Trazabilidad de cambios en el SIIT, control de versiones, backups verificados y segregación de funciones entre quien registra y quien aprueba.
A19: 15 | B19: INFORMACIÓN Y DATOS | C19: Registros personal inspectivo | D19: Acceso no autorizado | E19: ='Matriz Depurada'!H14 -> 20 | F19: CRÍTICO | G19: A.5.15 Control de acceso; A.5.18 Derechos de acceso; A.8.2 Derechos de acceso privilegiado; A.8.3 Restricción del acceso a la información; A.7.2 Controles físicos de entrada | H19: Perfiles por rol bajo mínimo privilegio, revisión semestral de permisos, baja inmediata al cese y control biométrico en áreas críticas.
A20: 16 | B20: INFORMACIÓN Y DATOS | C20: Base de datos del SIIT | D20: Ransomware / Ciberataque | E20: ='Matriz Depurada'!C16 -> 20 | F20: CRÍTICO | G20: A.8.7 Protección contra el malware; A.8.8 Gestión de vulnerabilidades técnicas; A.8.13 Copias de seguridad de la información; A.8.16 Actividades de monitoreo; A.5.26 Respuesta a incidentes de seguridad de la información | H20: EDR/antimalware centralizado, parcheo mensual, backups 3-2-1 con copia inmutable y pruebas de restauración semestrales.
A21: 17 | B21: INFORMACIÓN Y DATOS | C21: Base de datos del SIIT | D21: Robo / Sustracción | E21: ='Matriz Depurada'!D16 -> 20 | F21: CRÍTICO | G21: A.7.2 Controles físicos de entrada; A.7.4 Monitoreo de la seguridad física; A.7.9 Seguridad de los activos fuera de las instalaciones; A.7.10 Medios de almacenamiento; A.5.9 Inventario de información y otros activos asociados | H21: Control de acceso físico con fotocheck, videovigilancia en archivos y sala de servidores, cifrado de discos en laptops y custodia documental bajo llave.
A22: 18 | B22: INFORMACIÓN Y DATOS | C22: Base de datos del SIIT | D22: Exfiltración de datos | E22: ='Matriz Depurada'!E16 -> 20 | F22: CRÍTICO | G22: A.8.12 Prevención de fuga de datos (DLP); A.8.24 Uso de criptografía; A.8.20 Seguridad de redes; A.8.16 Actividades de monitoreo; A.5.14 Transferencia de información | H22: Cifrado en tránsito y reposo, reglas DLP en correo y USB, segmentación de red y monitoreo de volúmenes anómalos de descarga del SIIT.
A23: 19 | B23: INFORMACIÓN Y DATOS | C23: Base de datos del SIIT | D23: Corrupción / Alteración | E23: ='Matriz Depurada'!F16 -> 20 | F23: CRÍTICO | G23: A.5.33 Protección de registros; A.8.5 Autenticación segura; A.8.13 Copias de seguridad de la información; A.8.32 Gestión de cambios; A.8.15 Registro de eventos (logs) | H23: Trazabilidad de cambios en el SIIT, control de versiones, backups verificados y segregación de funciones entre quien registra y quien aprueba.
A24: 20 | B24: INFORMACIÓN Y DATOS | C24: Base de datos del SIIT | D24: Acceso no autorizado | E24: ='Matriz Depurada'!H16 -> 20 | F24: CRÍTICO | G24: A.5.15 Control de acceso; A.5.18 Derechos de acceso; A.8.2 Derechos de acceso privilegiado; A.8.3 Restricción del acceso a la información; A.7.2 Controles físicos de entrada | H24: Perfiles por rol bajo mínimo privilegio, revisión semestral de permisos, baja inmediata al cese y control biométrico en áreas críticas.
A25: 21 | B25: INFORMACIÓN Y DATOS | C25: Base de datos del SIIT | D25: Corte red / Caída sist. | E25: ='Matriz Depurada'!K16 -> 20 | F25: CRÍTICO | G25: A.8.20 Seguridad de redes; A.8.21 Seguridad de los servicios de red; A.8.14 Redundancia de instalaciones de procesamiento; A.5.30 Preparación de las TIC para la continuidad del negocio; A.5.22 Monitoreo y revisión de servicios de proveedores | H25: Enlace de internet redundante con proveedor distinto, monitoreo 24/7 de disponibilidad y procedimientos manuales de contingencia para inspecciones.
A26: 22 | B26: INFORMACIÓN Y DATOS | C26: Reportes de denuncias | D26: Ransomware / Ciberataque | E26: ='Matriz Depurada'!C17 -> 20 | F26: CRÍTICO | G26: A.8.7 Protección contra el malware; A.8.8 Gestión de vulnerabilidades técnicas; A.8.13 Copias de seguridad de la información; A.8.16 Actividades de monitoreo; A.5.26 Respuesta a incidentes de seguridad de la información | H26: EDR/antimalware centralizado, parcheo mensual, backups 3-2-1 con copia inmutable y pruebas de restauración semestrales.
A27: 23 | B27: INFORMACIÓN Y DATOS | C27: Reportes de denuncias | D27: Robo / Sustracción | E27: ='Matriz Depurada'!D17 -> 20 | F27: CRÍTICO | G27: A.7.2 Controles físicos de entrada; A.7.4 Monitoreo de la seguridad física; A.7.9 Seguridad de los activos fuera de las instalaciones; A.7.10 Medios de almacenamiento; A.5.9 Inventario de información y otros activos asociados | H27: Control de acceso físico con fotocheck, videovigilancia en archivos y sala de servidores, cifrado de discos en laptops y custodia documental bajo llave.
A28: 24 | B28: INFORMACIÓN Y DATOS | C28: Reportes de denuncias | D28: Exfiltración de datos | E28: ='Matriz Depurada'!E17 -> 20 | F28: CRÍTICO | G28: A.8.12 Prevención de fuga de datos (DLP); A.8.24 Uso de criptografía; A.8.20 Seguridad de redes; A.8.16 Actividades de monitoreo; A.5.14 Transferencia de información | H28: Cifrado en tránsito y reposo, reglas DLP en correo y USB, segmentación de red y monitoreo de volúmenes anómalos de descarga del SIIT.
A29: 25 | B29: INFORMACIÓN Y DATOS | C29: Reportes de denuncias | D29: Corrupción / Alteración | E29: ='Matriz Depurada'!F17 -> 20 | F29: CRÍTICO | G29: A.5.33 Protección de registros; A.8.5 Autenticación segura; A.8.13 Copias de seguridad de la información; A.8.32 Gestión de cambios; A.8.15 Registro de eventos (logs) | H29: Trazabilidad de cambios en el SIIT, control de versiones, backups verificados y segregación de funciones entre quien registra y quien aprueba.
A30: 26 | B30: INFORMACIÓN Y DATOS | C30: Reportes de denuncias | D30: Acceso no autorizado | E30: ='Matriz Depurada'!H17 -> 20 | F30: CRÍTICO | G30: A.5.15 Control de acceso; A.5.18 Derechos de acceso; A.8.2 Derechos de acceso privilegiado; A.8.3 Restricción del acceso a la información; A.7.2 Controles físicos de entrada | H30: Perfiles por rol bajo mínimo privilegio, revisión semestral de permisos, baja inmediata al cese y control biométrico en áreas críticas.
A31: 27 | B31: INFRAESTRUCTURA | C31: Plataforma SIIT | D31: Ransomware / Ciberataque | E31: ='Matriz Depurada'!C21 -> 20 | F31: CRÍTICO | G31: A.8.7 Protección contra el malware; A.8.8 Gestión de vulnerabilidades técnicas; A.8.13 Copias de seguridad de la información; A.8.16 Actividades de monitoreo; A.5.26 Respuesta a incidentes de seguridad de la información | H31: EDR/antimalware centralizado, parcheo mensual, backups 3-2-1 con copia inmutable y pruebas de restauración semestrales.
A32: 28 | B32: INFRAESTRUCTURA | C32: Plataforma SIIT | D32: Exfiltración de datos | E32: ='Matriz Depurada'!E21 -> 20 | F32: CRÍTICO | G32: A.8.12 Prevención de fuga de datos (DLP); A.8.24 Uso de criptografía; A.8.20 Seguridad de redes; A.8.16 Actividades de monitoreo; A.5.14 Transferencia de información | H32: Cifrado en tránsito y reposo, reglas DLP en correo y USB, segmentación de red y monitoreo de volúmenes anómalos de descarga del SIIT.
A33: 29 | B33: INFRAESTRUCTURA | C33: Plataforma SIIT | D33: Corrupción / Alteración | E33: ='Matriz Depurada'!F21 -> 20 | F33: CRÍTICO | G33: A.5.33 Protección de registros; A.8.5 Autenticación segura; A.8.13 Copias de seguridad de la información; A.8.32 Gestión de cambios; A.8.15 Registro de eventos (logs) | H33: Trazabilidad de cambios en el SIIT, control de versiones, backups verificados y segregación de funciones entre quien registra y quien aprueba.
A34: 30 | B34: INFRAESTRUCTURA | C34: Plataforma SIIT | D34: Suplantación (Phishing) | E34: ='Matriz Depurada'!G21 -> 25 | F34: CRÍTICO | G34: A.6.3 Concienciación, educación y capacitación; A.8.5 Autenticación segura (MFA); A.8.23 Filtrado web; A.8.7 Protección contra el malware; A.6.8 Reporte de eventos de seguridad de la información | H34: MFA obligatorio, campañas de simulación de phishing, filtrado de correo (SPF/DKIM/DMARC) y canal interno de reporte de correos sospechosos.
A35: 31 | B35: INFRAESTRUCTURA | C35: Plataforma SIIT | D35: Acceso no autorizado | E35: ='Matriz Depurada'!H21 -> 20 | F35: CRÍTICO | G35: A.5.15 Control de acceso; A.5.18 Derechos de acceso; A.8.2 Derechos de acceso privilegiado; A.8.3 Restricción del acceso a la información; A.7.2 Controles físicos de entrada | H35: Perfiles por rol bajo mínimo privilegio, revisión semestral de permisos, baja inmediata al cese y control biométrico en áreas críticas.
A36: 32 | B36: INFRAESTRUCTURA | C36: Plataforma SIIT | D36: Corte red / Caída sist. | E36: ='Matriz Depurada'!K21 -> 20 | F36: CRÍTICO | G36: A.8.20 Seguridad de redes; A.8.21 Seguridad de los servicios de red; A.8.14 Redundancia de instalaciones de procesamiento; A.5.30 Preparación de las TIC para la continuidad del negocio; A.5.22 Monitoreo y revisión de servicios de proveedores | H36: Enlace de internet redundante con proveedor distinto, monitoreo 24/7 de disponibilidad y procedimientos manuales de contingencia para inspecciones.
A37: 33 | B37: INFRAESTRUCTURA | C37: Plataforma SUNAFIL en Línea | D37: Suplantación (Phishing) | E37: ='Matriz Depurada'!G26 -> 20 | F37: CRÍTICO | G37: A.6.3 Concienciación, educación y capacitación; A.8.5 Autenticación segura (MFA); A.8.23 Filtrado web; A.8.7 Protección contra el malware; A.6.8 Reporte de eventos de seguridad de la información | H37: MFA obligatorio, campañas de simulación de phishing, filtrado de correo (SPF/DKIM/DMARC) y canal interno de reporte de correos sospechosos.
A38: 34 | B38: RECURSOS HUMANOS | C38: Soporte técnico e informática | D38: Suplantación (Phishing) | E38: ='Matriz Depurada'!G28 -> 20 | F38: CRÍTICO | G38: A.6.3 Concienciación, educación y capacitación; A.8.5 Autenticación segura (MFA); A.8.23 Filtrado web; A.8.7 Protección contra el malware; A.6.8 Reporte de eventos de seguridad de la información | H38: MFA obligatorio, campañas de simulación de phishing, filtrado de correo (SPF/DKIM/DMARC) y canal interno de reporte de correos sospechosos.
A39: 35 | B39: RECURSOS HUMANOS | C39: Dirección y alta dirección | D39: Suplantación (Phishing) | E39: ='Matriz Depurada'!G30 -> 25 | F39: CRÍTICO | G39: A.6.3 Concienciación, educación y capacitación; A.8.5 Autenticación segura (MFA); A.8.23 Filtrado web; A.8.7 Protección contra el malware; A.6.8 Reporte de eventos de seguridad de la información | H39: MFA obligatorio, campañas de simulación de phishing, filtrado de correo (SPF/DKIM/DMARC) y canal interno de reporte de correos sospechosos.
A40: 36 | B40: RECURSOS HUMANOS | C40: Cuerpo de Inspectores | D40: Suplantación (Phishing) | E40: ='Matriz Depurada'!G32 -> 25 | F40: CRÍTICO | G40: A.6.3 Concienciación, educación y capacitación; A.8.5 Autenticación segura (MFA); A.8.23 Filtrado web; A.8.7 Protección contra el malware; A.6.8 Reporte de eventos de seguridad de la información | H40: MFA obligatorio, campañas de simulación de phishing, filtrado de correo (SPF/DKIM/DMARC) y canal interno de reporte de correos sospechosos.
A41: 37 | B41: RECURSOS HUMANOS | C41: Trabajadores fiscalizados | D41: Suplantación (Phishing) | E41: ='Matriz Depurada'!G33 -> 20 | F41: CRÍTICO | G41: A.6.3 Concienciación, educación y capacitación; A.8.5 Autenticación segura (MFA); A.8.23 Filtrado web; A.8.7 Protección contra el malware; A.6.8 Reporte de eventos de seguridad de la información | H41: MFA obligatorio, campañas de simulación de phishing, filtrado de correo (SPF/DKIM/DMARC) y canal interno de reporte de correos sospechosos.

Sheet Riesgos Excluidos
A1: COMBINACIONES ACTIVO-AMENAZA EXCLUIDAS DEL ANÁLISIS
A2: Se descartan por no existir relación material entre la amenaza y la naturaleza del activo. Su documentación es exigible como evidencia de criterio en la evaluación de riesgos (ISO/IEC 27001, cláusula 6.1.2).
A4: N° | B4: ACTIVO | C4: TIPO DE ACTIVO | D4: AMENAZA DESCARTADA | E4: JUSTIFICACIÓN DE LA EXCLUSIÓN
A5: 1 | B5: Expedientes de inspección | C5: Información (digital y física) | D5: Suplantación (Phishing) | E5: La amenaza requiere un sistema o infraestructura, no el activo de información en sí.
A6: 2 | B6: Expedientes de inspección | C6: Información (digital y física) | D6: Falla de hardware | E6: La amenaza requiere un sistema o infraestructura, no el activo de información en sí.
A7: 3 | B7: Expedientes de inspección | C7: Información (digital y física) | D7: Corte red / Caída sist. | E7: La amenaza requiere un sistema o infraestructura, no el activo de información en sí.
A8: 4 | B8: Expedientes de inspección | C8: Información (digital y física) | D8: Contraseñas compartidas | E8: La amenaza requiere un sistema o infraestructura, no el activo de información en sí.
A9: 5 | B9: Datos personales trab./emp. | C9: Información (digital y física) | D9: Suplantación (Phishing) | E9: La amenaza requiere un sistema o infraestructura, no el activo de información en sí.
A10: 6 | B10: Datos personales trab./emp. | C10: Información (digital y física) | D10: Falla de hardware | E10: La amenaza requiere un sistema o infraestructura, no el activo de información en sí.
A11: 7 | B11: Datos personales trab./emp. | C11: Información (digital y física) | D11: Corte red / Caída sist. | E11: La amenaza requiere un sistema o infraestructura, no el activo de información en sí.
A12: 8 | B12: Datos personales trab./emp. | C12: Información (digital y física) | D12: Contraseñas compartidas | E12: La amenaza requiere un sistema o infraestructura, no el activo de información en sí.
A13: 9 | B13: Actas de infracción/multas | C13: Información (digital y física) | D13: Suplantación (Phishing) | E13: La amenaza requiere un sistema o infraestructura, no el activo de información en sí.
A14: 10 | B14: Actas de infracción/multas | C14: Información (digital y física) | D14: Falla de hardware | E14: La amenaza requiere un sistema o infraestructura, no el activo de información en sí.
A15: 11 | B15: Actas de infracción/multas | C15: Información (digital y física) | D15: Corte red / Caída sist. | E15: La amenaza requiere un sistema o infraestructura, no el activo de información en sí.
A16: 12 | B16: Actas de infracción/multas | C16: Información (digital y física) | D16: Contraseñas compartidas | E16: La amenaza requiere un sistema o infraestructura, no el activo de información en sí.
... A139: 135 | B139: Trabajadores fiscalizados | C139: Recurso humano | D139: Extravío de documentos | E139: El activo es una persona: la amenaza no se materializa directamente sobre ella.

Sheet Catálogo Controles ISO
A1: CATÁLOGO DE CONTROLES APLICABLES — ISO/IEC 27001:2022, ANEXO A
A3: CONTROL | B3: DENOMINACIÓN | C3: TEMA | D3: AMENAZAS QUE MITIGA
A4: A.5.9 | B4: Inventario de información y otros activos asociados | C4: Organizacionales | D4: Robo / Sustracción; Extravío de documentos
A5: A.5.10 | B5: Uso aceptable de la información y otros activos | C5: Organizacionales | D5: Extravío de documentos
A6: A.5.12 | B6: Clasificación de la información | C6: Organizacionales | D6: Divulgación accidental
A7: A.5.13 | B7: Etiquetado de la información | C7: Organizacionales | D7: Divulgación accidental
A8: A.5.14 | B8: Transferencia de información | C8: Organizacionales | D8: Exfiltración de datos
A9: A.5.15 | B9: Control de acceso | C9: Organizacionales | D9: Acceso no autorizado
A10: A.5.16 | B10: Gestión de identidad | C10: Organizacionales | D10: Contraseñas compartidas
A11: A.5.17 | B11: Información de autenticación | C11: Organizacionales | D11: Contraseñas compartidas
A12: A.5.18 | B12: Derechos de acceso | C12: Organizacionales | D12: Acceso no autorizado
A13: A.5.22 | B13: Monitoreo y revisión de servicios de proveedores | C13: Organizacionales | D13: Corte red / Caída sist.
A14: A.5.26 | B14: Respuesta a incidentes de seguridad de la información | C14: Organizacionales | D14: Ransomware / Ciberataque
... A47: A.8.32 | B47: Gestión de cambios | C47: Tecnológicos | D47: Corrupción / Alteración
